grade*gender,grade*interest,grade*favor,grade*chinese,grade*patience,grade*extras,grade*study_hours,grade*work_hours,grade*club_hours,grade*sleep_hours,grade*commute_hours,gender*interest,gender*favor,gender*chinese,gender*patience,gender*extras,gender*study_hours,gender*work_hours,gender*club_hours,gender*sleep_hours,gender*commute_hours,interest*favor,interest*chinese,interest*patience,interest*extras,interest*study_hours,interest*work_hours,interest*club_hours,interest*sleep_hours,interest*commute_hours,favor*chinese,favor*patience,favor*extras,favor*study_hours,favor*work_hours,favor*club_hours,favor*sleep_hours,favor*commute_hours,chinese*patience,chinese*extras,chinese*study_hours,chinese*work_hours,chinese*club_hours,chinese*sleep_hours,chinese*commute_hours,patience*extras,patience*study_hours,patience*work_hours,patience*club_hours,patience*sleep_hours,patience*commute_hours,extras*study_hours,extras*work_hours,extras*club_hours,extras*sleep_hours,extras*commute_hours,study_hours*work_hours,study_hours*club_hours,study_hours*sleep_hours,study_hours*commute_hours,work_hours*club_hours,work_hours*sleep_hours,work_hours*commute_hours,club_hours*sleep_hours,club_hours*commute_hours,sleep_hours*commute_hours,score
1,5.0,5.0,5.0,5.0,0.0,0.0,0.0,0.0,4.0,0.5,5.0,5.0,5.0,5.0,0.0,0.0,0.0,0.0,4.0,0.5,25.0,25.0,25.0,0.0,0.0,0.0,0.0,20.0,2.5,25.0,25.0,0.0,0.0,0.0,0.0,20.0,2.5,25.0,0.0,0.0,0.0,0.0,20.0,2.5,0.0,0.0,0.0,0.0,20.0,2.5,0.0,0.0,0.0,0.0,0.0,0.0,0.0,0.0,0.0,0.0,0.0,0.0,0.0,0.0,2.0,71.0
1,3.0,3.0,2.0,3.0,0.0,2.5,2.5,0.0,8.0,0.5,3.0,3.0,2.0,3.0,0.0,2.5,2.5,0.0,8.0,0.5,9.0,6.0,9.0,0.0,7.5,7.5,0.0,24.0,1.5,6.0,9.0,0.0,7.5,7.5,0.0,24.0,1.5,6.0,0.0,5.0,5.0,0.0,16.0,1.0,0.0,7.5,7.5,0.0,24.0,1.5,0.0,0.0,0.0,0.0,0.0,6.25,0.0,20.0,1.25,0.0,20.0,1.25,0.0,0.0,4.0,47.0
1,5.0,5.0,2.0,5.0,4.0,0.5,4.5,0.0,5.5,1.5,5.0,5.0,2.0,5.0,4.0,0.5,4.5,0.0,5.5,1.5,25.0,10.0,25.0,20.0,2.5,22.5,0.0,27.5,7.5,10.0,25.0,20.0,2.5,22.5,0.0,27.5,7.5,10.0,8.0,1.0,9.0,0.0,11.0,3.0,20.0,2.5,22.5,0.0,27.5,7.5,2.0,18.0,0.0,22.0,6.0,2.25,0.0,2.75,0.75,0.0,24.75,6.75,0.0,0.0,8.25,80.0
0,4.0,5.0,2.0,2.0,0.0,2.5,0.0,0.0,4.0,0.5,0.0,0.0,0.0,0.0,0.0,0.0,0.0,0.0,0.0,0.0,20.0,8.0,8.0,0.0,10.0,0.0,0.0,16.0,2.0,10.0,10.0,0.0,12.5,0.0,0.0,20.0,2.5,4.0,0.0,5.0,0.0,0.0,8.0,1.0,0.0,5.0,0.0,0.0,8.0,1.0,0.0,0.0,0.0,0.0,0.0,0.0,0.0,10.0,1.25,0.0,0.0,0.0,0.0,0.0,2.0,86.0
0,3.0,3.0,3.0,4.0,0.0,2.5,0.0,0.0,5.5,1.5,0.0,0.0,0.0,0.0,0.0,0.0,0.0,0.0,0.0,0.0,9.0,9.0,12.0,0.0,7.5,0.0,0.0,16.5,4.5,9.0,12.0,0.0,7.5,0.0,0.0,16.5,4.5,12.0,0.0,7.5,0.0,0.0,16.5,4.5,0.0,10.0,0.0,0.0,22.0,6.0,0.0,0.0,0.0,0.0,0.0,0.0,0.0,13.75,3.75,0.0,0.0,0.0,0.0,0.0,8.25,55.0
1,5.0,5.0,3.0,4.0,3.0,1.5,0.5,0.0,7.0,0.5,5.0,5.0,3.0,4.0,3.0,1.5,0.5,0.0,7.0,0.5,25.0,15.0,20.0,15.0,7.5,2.5,0.0,35.0,2.5,15.0,20.0,15.0,7.5,2.5,0.0,35.0,2.5,12.0,9.0,4.5,1.5,0.0,21.0,1.5,12.0,6.0,2.0,0.0,28.0,2.0,4.5,1.5,0.0,21.0,1.5,0.75,0.0,10.5,0.75,0.0,3.5,0.25,0.0,0.0,3.5,95.0
0,4.0,5.0,3.0,4.0,4.0,2.5,3.5,4.5,5.5,1.5,0.0,0.0,0.0,0.0,0.0,0.0,0.0,0.0,0.0,0.0,20.0,12.0,16.0,16.0,10.0,14.0,18.0,22.0,6.0,15.0,20.0,20.0,12.5,17.5,22.5,27.5,7.5,12.0,12.0,7.5,10.5,13.5,16.5,4.5,16.0,10.0,14.0,18.0,22.0,6.0,10.0,14.0,18.0,22.0,6.0,8.75,11.25,13.75,3.75,15.75,19.25,5.25,24.75,6.75,8.25,100.0
1,4.0,5.0,3.0,2.0,0.0,0.5,0.0,1.5,7.0,1.5,4.0,5.0,3.0,2.0,0.0,0.5,0.0,1.5,7.0,1.5,20.0,12.0,8.0,0.0,2.0,0.0,6.0,28.0,6.0,15.0,10.0,0.0,2.5,0.0,7.5,35.0,7.5,6.0,0.0,1.5,0.0,4.5,21.0,4.5,0.0,1.0,0.0,3.0,14.0,3.0,0.0,0.0,0.0,0.0,0.0,0.0,0.75,3.5,0.75,0.0,0.0,0.0,10.5,2.25,10.5,60.0
1,4.0,1.0,2.0,5.0,3.0,4.5,4.5,0.5,7.0,0.5,4.0,1.0,2.0,5.0,3.0,4.5,4.5,0.5,7.0,0.5,4.0,8.0,20.0,12.0,18.0,18.0,2.0,28.0,2.0,2.0,5.0,3.0,4.5,4.5,0.5,7.0,0.5,10.0,6.0,9.0,9.0,1.0,14.0,1.0,15.0,22.5,22.5,2.5,35.0,2.5,13.5,13.5,1.5,21.0,1.5,20.25,2.25,31.5,2.25,2.25,31.5,2.25,3.5,0.25,3.5,85.0
1,2.0,3.0,1.0,2.0,0.0,0.5,0.5,0.0,7.0,0.5,2.0,3.0,1.0,2.0,0.0,0.5,0.5,0.0,7.0,0.5,6.0,2.0,4.0,0.0,1.0,1.0,0.0,14.0,1.0,3.0,6.0,0.0,1.5,1.5,0.0,21.0,1.5,2.0,0.0,0.5,0.5,0.0,7.0,0.5,0.0,1.0,1.0,0.0,14.0,1.0,0.0,0.0,0.0,0.0,0.0,0.25,0.0,3.5,0.25,0.0,3.5,0.25,0.0,0.0,3.5,81.4
1,3.0,3.0,5.0,5.0,3.0,5.0,5.0,0.0,7.0,0.5,3.0,3.0,5.0,5.0,3.0,5.0,5.0,0.0,7.0,0.5,9.0,15.0,15.0,9.0,15.0,15.0,0.0,21.0,1.5,15.0,15.0,9.0,15.0,15.0,0.0,21.0,1.5,25.0,15.0,25.0,25.0,0.0,35.0,2.5,15.0,25.0,25.0,0.0,35.0,2.5,15.0,15.0,0.0,21.0,1.5,25.0,0.0,35.0,2.5,0.0,35.0,2.5,0.0,0.0,3.5,79.0
1,4.0,5.0,3.0,3.0,3.5,1.5,1.5,0.5,5.5,1.5,4.0,5.0,3.0,3.0,3.5,1.5,1.5,0.5,5.5,1.5,20.0,12.0,12.0,14.0,6.0,6.0,2.0,22.0,6.0,15.0,15.0,17.5,7.5,7.5,2.5,27.5,7.5,9.0,10.5,4.5,4.5,1.5,16.5,4.5,10.5,4.5,4.5,1.5,16.5,4.5,5.25,5.25,1.75,19.25,5.25,2.25,0.75,8.25,2.25,0.75,8.25,2.25,2.75,0.75,8.25,87.0
1,5.0,5.0,1.0,4.0,3.0,5.0,5.0,0.0,5.5,0.5,5.0,5.0,1.0,4.0,3.0,5.0,5.0,0.0,5.5,0.5,25.0,5.0,20.0,15.0,25.0,25.0,0.0,27.5,2.5,5.0,20.0,15.0,25.0,25.0,0.0,27.5,2.5,4.0,3.0,5.0,5.0,0.0,5.5,0.5,12.0,20.0,20.0,0.0,22.0,2.0,15.0,15.0,0.0,16.5,1.5,25.0,0.0,27.5,2.5,0.0,27.5,2.5,0.0,0.0,2.75,86.0
1,5.0,5.0,4.0,3.0,3.0,2.5,1.5,0.0,5.5,0.5,5.0,5.0,4.0,3.0,3.0,2.5,1.5,0.0,5.5,0.5,25.0,20.0,15.0,15.0,12.5,7.5,0.0,27.5,2.5,20.0,15.0,15.0,12.5,7.5,0.0,27.5,2.5,12.0,12.0,10.0,6.0,0.0,22.0,2.0,9.0,7.5,4.5,0.0,16.5,1.5,7.5,4.5,0.0,16.5,1.5,3.75,0.0,13.75,1.25,0.0,8.25,0.75,0.0,0.0,2.75,92.0
1,3.0,5.0,2.0,3.0,3.0,0.5,2.5,0.0,5.5,0.5,3.0,5.0,2.0,3.0,3.0,0.5,2.5,0.0,5.5,0.5,15.0,6.0,9.0,9.0,1.5,7.5,0.0,16.5,1.5,10.0,15.0,15.0,2.5,12.5,0.0,27.5,2.5,6.0,6.0,1.0,5.0,0.0,11.0,1.0,9.0,1.5,7.5,0.0,16.5,1.5,1.5,7.5,0.0,16.5,1.5,1.25,0.0,2.75,0.25,0.0,13.75,1.25,0.0,0.0,2.75,72.0
1,4.0,4.0,2.0,3.0,4.0,1.5,0.5,0.0,5.5,0.5,4.0,4.0,2.0,3.0,4.0,1.5,0.5,0.0,5.5,0.5,16.0,8.0,12.0,16.0,6.0,2.0,0.0,22.0,2.0,8.0,12.0,16.0,6.0,2.0,0.0,22.0,2.0,6.0,8.0,3.0,1.0,0.0,11.0,1.0,12.0,4.5,1.5,0.0,16.5,1.5,6.0,2.0,0.0,22.0,2.0,0.75,0.0,8.25,0.75,0.0,2.75,0.25,0.0,0.0,2.75,83.0
0,3.0,3.0,5.0,4.0,3.5,2.5,3.5,0.0,5.5,2.5,0.0,0.0,0.0,0.0,0.0,0.0,0.0,0.0,0.0,0.0,9.0,15.0,12.0,10.5,7.5,10.5,0.0,16.5,7.5,15.0,12.0,10.5,7.5,10.5,0.0,16.5,7.5,20.0,17.5,12.5,17.5,0.0,27.5,12.5,14.0,10.0,14.0,0.0,22.0,10.0,8.75,12.25,0.0,19.25,8.75,8.75,0.0,13.75,6.25,0.0,19.25,8.75,0.0,0.0,13.75,67.0
0,3.0,3.0,2.0,2.0,0.0,0.5,0.0,0.5,5.5,1.5,0.0,0.0,0.0,0.0,0.0,0.0,0.0,0.0,0.0,0.0,9.0,6.0,6.0,0.0,1.5,0.0,1.5,16.5,4.5,6.0,6.0,0.0,1.5,0.0,1.5,16.5,4.5,4.0,0.0,1.0,0.0,1.0,11.0,3.0,0.0,1.0,0.0,1.0,11.0,3.0,0.0,0.0,0.0,0.0,0.0,0.0,0.25,2.75,0.75,0.0,0.0,0.0,2.75,0.75,8.25,77.0
1,4.0,5.0,3.0,4.0,3.0,3.5,4.5,1.5,5.5,0.5,4.0,5.0,3.0,4.0,3.0,3.5,4.5,1.5,5.5,0.5,20.0,12.0,16.0,12.0,14.0,18.0,6.0,22.0,2.0,15.0,20.0,15.0,17.5,22.5,7.5,27.5,2.5,12.0,9.0,10.5,13.5,4.5,16.5,1.5,12.0,14.0,18.0,6.0,22.0,2.0,10.5,13.5,4.5,16.5,1.5,15.75,5.25,19.25,1.75,6.75,24.75,2.25,8.25,0.75,2.75,82.0
1,5.0,4.0,3.0,4.0,0.0,1.5,0.5,5.0,5.5,0.5,5.0,4.0,3.0,4.0,0.0,1.5,0.5,5.0,5.5,0.5,20.0,15.0,20.0,0.0,7.5,2.5,25.0,27.5,2.5,12.0,16.0,0.0,6.0,2.0,20.0,22.0,2.0,12.0,0.0,4.5,1.5,15.0,16.5,1.5,0.0,6.0,2.0,20.0,22.0,2.0,0.0,0.0,0.0,0.0,0.0,0.75,7.5,8.25,0.75,2.5,2.75,0.25,27.5,2.5,2.75,91.0
1,4.0,4.0,1.0,4.0,0.0,0.0,0.0,0.0,8.0,0.5,4.0,4.0,1.0,4.0,0.0,0.0,0.0,0.0,8.0,0.5,16.0,4.0,16.0,0.0,0.0,0.0,0.0,32.0,2.0,4.0,16.0,0.0,0.0,0.0,0.0,32.0,2.0,4.0,0.0,0.0,0.0,0.0,8.0,0.5,0.0,0.0,0.0,0.0,32.0,2.0,0.0,0.0,0.0,0.0,0.0,0.0,0.0,0.0,0.0,0.0,0.0,0.0,0.0,0.0,4.0,80.0
1,3.0,3.0,3.0,3.0,3.0,0.5,3.5,1.5,4.0,0.5,3.0,3.0,3.0,3.0,3.0,0.5,3.5,1.5,4.0,0.5,9.0,9.0,9.0,9.0,1.5,10.5,4.5,12.0,1.5,9.0,9.0,9.0,1.5,10.5,4.5,12.0,1.5,9.0,9.0,1.5,10.5,4.5,12.0,1.5,9.0,1.5,10.5,4.5,12.0,1.5,1.5,10.5,4.5,12.0,1.5,1.75,0.75,2.0,0.25,5.25,14.0,1.75,6.0,0.75,2.0,60.0
1,3.0,4.0,5.0,3.0,2.0,0.5,1.5,0.0,4.0,0.5,3.0,4.0,5.0,3.0,2.0,0.5,1.5,0.0,4.0,0.5,12.0,15.0,9.0,6.0,1.5,4.5,0.0,12.0,1.5,20.0,12.0,8.0,2.0,6.0,0.0,16.0,2.0,15.0,10.0,2.5,7.5,0.0,20.0,2.5,6.0,1.5,4.5,0.0,12.0,1.5,1.0,3.0,0.0,8.0,1.0,0.75,0.0,2.0,0.25,0.0,6.0,0.75,0.0,0.0,2.0,60.0
0,3.0,5.0,2.0,2.0,4.0,0.5,3.5,0.0,7.0,0.5,0.0,0.0,0.0,0.0,0.0,0.0,0.0,0.0,0.0,0.0,15.0,6.0,6.0,12.0,1.5,10.5,0.0,21.0,1.5,10.0,10.0,20.0,2.5,17.5,0.0,35.0,2.5,4.0,8.0,1.0,7.0,0.0,14.0,1.0,8.0,1.0,7.0,0.0,14.0,1.0,2.0,14.0,0.0,28.0,2.0,1.75,0.0,3.5,0.25,0.0,24.5,1.75,0.0,0.0,3.5,78.0
1,5.0,5.0,5.0,5.0,3.0,1.5,1.5,0.0,8.0,0.5,5.0,5.0,5.0,5.0,3.0,1.5,1.5,0.0,8.0,0.5,25.0,25.0,25.0,15.0,7.5,7.5,0.0,40.0,2.5,25.0,25.0,15.0,7.5,7.5,0.0,40.0,2.5,25.0,15.0,7.5,7.5,0.0,40.0,2.5,15.0,7.5,7.5,0.0,40.0,2.5,4.5,4.5,0.0,24.0,1.5,2.25,0.0,12.0,0.75,0.0,12.0,0.75,0.0,0.0,4.0,88.0
1,5.0,5.0,1.0,3.0,0.0,2.5,0.5,0.0,7.0,0.5,5.0,5.0,1.0,3.0,0.0,2.5,0.5,0.0,7.0,0.5,25.0,5.0,15.0,0.0,12.5,2.5,0.0,35.0,2.5,5.0,15.0,0.0,12.5,2.5,0.0,35.0,2.5,3.0,0.0,2.5,0.5,0.0,7.0,0.5,0.0,7.5,1.5,0.0,21.0,1.5,0.0,0.0,0.0,0.0,0.0,1.25,0.0,17.5,1.25,0.0,3.5,0.25,0.0,0.0,3.5,75.0
1,3.0,4.0,3.0,2.0,2.5,0.5,0.5,0.0,5.5,0.5,3.0,4.0,3.0,2.0,2.5,0.5,0.5,0.0,5.5,0.5,12.0,9.0,6.0,7.5,1.5,1.5,0.0,16.5,1.5,12.0,8.0,10.0,2.0,2.0,0.0,22.0,2.0,6.0,7.5,1.5,1.5,0.0,16.5,1.5,5.0,1.0,1.0,0.0,11.0,1.0,1.25,1.25,0.0,13.75,1.25,0.25,0.0,2.75,0.25,0.0,2.75,0.25,0.0,0.0,2.75,63.0
0,0.0,0.0,0.0,0.0,0.0,0.0,0.0,0.0,0.0,0.0,1.0,3.0,3.0,1.0,3.0,0.5,0.5,0.0,5.5,0.5,3.0,3.0,1.0,3.0,0.5,0.5,0.0,5.5,0.5,9.0,3.0,9.0,1.5,1.5,0.0,16.5,1.5,3.0,9.0,1.5,1.5,0.0,16.5,1.5,3.0,0.5,0.5,0.0,5.5,0.5,1.5,1.5,0.0,16.5,1.5,0.25,0.0,2.75,0.25,0.0,2.75,0.25,0.0,0.0,2.75,83.0
0,0.0,0.0,0.0,0.0,0.0,0.0,0.0,0.0,0.0,0.0,1.0,4.0,3.0,2.0,0.0,0.0,0.0,0.0,5.5,0.5,4.0,3.0,2.0,0.0,0.0,0.0,0.0,5.5,0.5,12.0,8.0,0.0,0.0,0.0,0.0,22.0,2.0,6.0,0.0,0.0,0.0,0.0,16.5,1.5,0.0,0.0,0.0,0.0,11.0,1.0,0.0,0.0,0.0,0.0,0.0,0.0,0.0,0.0,0.0,0.0,0.0,0.0,0.0,0.0,2.75,46.0
0,0.0,0.0,0.0,0.0,0.0,0.0,0.0,0.0,0.0,0.0,1.0,5.0,3.0,1.0,0.0,0.5,0.0,0.0,7.0,0.5,5.0,3.0,1.0,0.0,0.5,0.0,0.0,7.0,0.5,15.0,5.0,0.0,2.5,0.0,0.0,35.0,2.5,3.0,0.0,1.5,0.0,0.0,21.0,1.5,0.0,0.5,0.0,0.0,7.0,0.5,0.0,0.0,0.0,0.0,0.0,0.0,0.0,3.5,0.25,0.0,0.0,0.0,0.0,0.0,3.5,35.0
0,0.0,0.0,0.0,0.0,0.0,0.0,0.0,0.0,0.0,0.0,4.0,3.0,1.0,1.0,3.0,1.5,2.5,0.5,5.5,1.5,12.0,4.0,4.0,12.0,6.0,10.0,2.0,22.0,6.0,3.0,3.0,9.0,4.5,7.5,1.5,16.5,4.5,1.0,3.0,1.5,2.5,0.5,5.5,1.5,3.0,1.5,2.5,0.5,5.5,1.5,4.5,7.5,1.5,16.5,4.5,3.75,0.75,8.25,2.25,1.25,13.75,3.75,2.75,0.75,8.25,93.0
0,0.0,0.0,0.0,0.0,0.0,0.0,0.0,0.0,0.0,0.0,0.0,0.0,0.0,0.0,0.0,0.0,0.0,0.0,0.0,0.0,12.0,3.0,12.0,7.5,1.5,4.5,0.0,16.5,1.5,4.0,16.0,10.0,2.0,6.0,0.0,22.0,2.0,4.0,2.5,0.5,1.5,0.0,5.5,0.5,10.0,2.0,6.0,0.0,22.0,2.0,1.25,3.75,0.0,13.75,1.25,0.75,0.0,2.75,0.25,0.0,8.25,0.75,0.0,0.0,2.75,94.0
0,0.0,0.0,0.0,0.0,0.0,0.0,0.0,0.0,0.0,0.0,0.0,0.0,0.0,0.0,0.0,0.0,0.0,0.0,0.0,0.0,20.0,8.0,12.0,0.0,2.0,0.0,2.0,22.0,2.0,10.0,15.0,0.0,2.5,0.0,2.5,27.5,2.5,6.0,0.0,1.0,0.0,1.0,11.0,1.0,0.0,1.5,0.0,1.5,16.5,1.5,0.0,0.0,0.0,0.0,0.0,0.0,0.25,2.75,0.25,0.0,0.0,0.0,2.75,0.25,2.75,88.0
0,0.0,0.0,0.0,0.0,0.0,0.0,0.0,0.0,0.0,0.0,0.0,0.0,0.0,0.0,0.0,0.0,0.0,0.0,0.0,0.0,5.0,4.0,1.0,1.0,0.5,0.5,0.5,4.0,1.5,20.0,5.0,5.0,2.5,2.5,2.5,20.0,7.5,4.0,4.0,2.0,2.0,2.0,16.0,6.0,1.0,0.5,0.5,0.5,4.0,1.5,0.5,0.5,0.5,4.0,1.5,0.25,0.25,2.0,0.75,0.25,2.0,0.75,2.0,0.75,6.0,69.0
0,0.0,0.0,0.0,0.0,0.0,0.0,0.0,0.0,0.0,0.0,0.0,0.0,0.0,0.0,0.0,0.0,0.0,0.0,0.0,0.0,9.0,6.0,6.0,9.0,4.5,4.5,1.5,16.5,1.5,6.0,6.0,9.0,4.5,4.5,1.5,16.5,1.5,4.0,6.0,3.0,3.0,1.0,11.0,1.0,6.0,3.0,3.0,1.0,11.0,1.0,4.5,4.5,1.5,16.5,1.5,2.25,0.75,8.25,0.75,0.75,8.25,0.75,2.75,0.25,2.75,75.0
0,0.0,0.0,0.0,0.0,0.0,0.0,0.0,0.0,0.0,0.0,0.0,0.0,0.0,0.0,0.0,0.0,0.0,0.0,0.0,0.0,20.0,8.0,8.0,0.0,2.0,0.0,6.0,22.0,2.0,10.0,10.0,0.0,2.5,0.0,7.5,27.5,2.5,4.0,0.0,1.0,0.0,3.0,11.0,1.0,0.0,1.0,0.0,3.0,11.0,1.0,0.0,0.0,0.0,0.0,0.0,0.0,0.75,2.75,0.25,0.0,0.0,0.0,8.25,0.75,2.75,82.0
0,0.0,0.0,0.0,0.0,0.0,0.0,0.0,0.0,0.0,0.0,1.0,5.0,1.0,1.0,3.0,0.5,0.5,0.5,4.0,1.5,5.0,1.0,1.0,3.0,0.5,0.5,0.5,4.0,1.5,5.0,5.0,15.0,2.5,2.5,2.5,20.0,7.5,1.0,3.0,0.5,0.5,0.5,4.0,1.5,3.0,0.5,0.5,0.5,4.0,1.5,1.5,1.5,1.5,12.0,4.5,0.25,0.25,2.0,0.75,0.25,2.0,0.75,2.0,0.75,6.0,80.0
0,0.0,0.0,0.0,0.0,0.0,0.0,0.0,0.0,0.0,0.0,0.0,0.0,0.0,0.0,0.0,0.0,0.0,0.0,0.0,0.0,8.0,4.0,6.0,6.0,1.0,1.0,1.0,11.0,1.0,8.0,12.0,12.0,2.0,2.0,2.0,22.0,2.0,6.0,6.0,1.0,1.0,1.0,11.0,1.0,9.0,1.5,1.5,1.5,16.5,1.5,1.5,1.5,1.5,16.5,1.5,0.25,0.25,2.75,0.25,0.25,2.75,0.25,2.75,0.25,2.75,80.0
0,0.0,0.0,0.0,0.0,0.0,0.0,0.0,0.0,0.0,0.0,0.0,0.0,0.0,0.0,0.0,0.0,0.0,0.0,0.0,0.0,8.0,8.0,8.0,6.0,1.0,1.0,10.0,14.0,3.0,16.0,16.0,12.0,2.0,2.0,20.0,28.0,6.0,16.0,12.0,2.0,2.0,20.0,28.0,6.0,12.0,2.0,2.0,20.0,28.0,6.0,1.5,1.5,15.0,21.0,4.5,0.25,2.5,3.5,0.75,2.5,3.5,0.75,35.0,7.5,10.5,80.0
0,0.0,0.0,0.0,0.0,0.0,0.0,0.0,0.0,0.0,0.0,0.0,0.0,0.0,0.0,0.0,0.0,0.0,0.0,0.0,0.0,20.0,12.0,12.0,0.0,6.0,6.0,6.0,28.0,2.0,15.0,15.0,0.0,7.5,7.5,7.5,35.0,2.5,9.0,0.0,4.5,4.5,4.5,21.0,1.5,0.0,4.5,4.5,4.5,21.0,1.5,0.0,0.0,0.0,0.0,0.0,2.25,2.25,10.5,0.75,2.25,10.5,0.75,10.5,0.75,3.5,82.0
0,0.0,0.0,0.0,0.0,0.0,0.0,0.0,0.0,0.0,0.0,4.0,4.0,1.0,3.0,2.5,3.5,3.5,0.0,7.0,0.5,16.0,4.0,12.0,10.0,14.0,14.0,0.0,28.0,2.0,4.0,12.0,10.0,14.0,14.0,0.0,28.0,2.0,3.0,2.5,3.5,3.5,0.0,7.0,0.5,7.5,10.5,10.5,0.0,21.0,1.5,8.75,8.75,0.0,17.5,1.25,12.25,0.0,24.5,1.75,0.0,24.5,1.75,0.0,0.0,3.5,95.0
0,0.0,0.0,0.0,0.0,0.0,0.0,0.0,0.0,0.0,0.0,0.0,0.0,0.0,0.0,0.0,0.0,0.0,0.0,0.0,0.0,8.0,8.0,8.0,4.0,1.0,3.0,1.0,11.0,3.0,16.0,16.0,8.0,2.0,6.0,2.0,22.0,6.0,16.0,8.0,2.0,6.0,2.0,22.0,6.0,8.0,2.0,6.0,2.0,22.0,6.0,1.0,3.0,1.0,11.0,3.0,0.75,0.25,2.75,0.75,0.75,8.25,2.25,2.75,0.75,8.25,59.0
0,0.0,0.0,0.0,0.0,0.0,0.0,0.0,0.0,0.0,0.0,0.0,0.0,0.0,0.0,0.0,0.0,0.0,0.0,0.0,0.0,20.0,4.0,12.0,0.0,6.0,0.0,2.0,28.0,6.0,5.0,15.0,0.0,7.5,0.0,2.5,35.0,7.5,3.0,0.0,1.5,0.0,0.5,7.0,1.5,0.0,4.5,0.0,1.5,21.0,4.5,0.0,0.0,0.0,0.0,0.0,0.0,0.75,10.5,2.25,0.0,0.0,0.0,3.5,0.75,10.5,92.0
0,0.0,0.0,0.0,0.0,0.0,0.0,0.0,0.0,0.0,0.0,0.0,0.0,0.0,0.0,0.0,0.0,0.0,0.0,0.0,0.0,20.0,8.0,16.0,0.0,2.0,0.0,6.0,22.0,6.0,10.0,20.0,0.0,2.5,0.0,7.5,27.5,7.5,8.0,0.0,1.0,0.0,3.0,11.0,3.0,0.0,2.0,0.0,6.0,22.0,6.0,0.0,0.0,0.0,0.0,0.0,0.0,0.75,2.75,0.75,0.0,0.0,0.0,8.25,2.25,8.25,90.0
0,0.0,0.0,0.0,0.0,0.0,0.0,0.0,0.0,0.0,0.0,0.0,0.0,0.0,0.0,0.0,0.0,0.0,0.0,0.0,0.0,25.0,15.0,20.0,0.0,25.0,0.0,0.0,35.0,7.5,15.0,20.0,0.0,25.0,0.0,0.0,35.0,7.5,12.0,0.0,15.0,0.0,0.0,21.0,4.5,0.0,20.0,0.0,0.0,28.0,6.0,0.0,0.0,0.0,0.0,0.0,0.0,0.0,35.0,7.5,0.0,0.0,0.0,0.0,0.0,10.5,72.0
0,0.0,0.0,0.0,0.0,0.0,0.0,0.0,0.0,0.0,0.0,1.0,3.0,4.0,1.0,1.0,0.5,0.0,0.0,7.0,0.5,3.0,4.0,1.0,1.0,0.5,0.0,0.0,7.0,0.5,12.0,3.0,3.0,1.5,0.0,0.0,21.0,1.5,4.0,4.0,2.0,0.0,0.0,28.0,2.0,1.0,0.5,0.0,0.0,7.0,0.5,0.5,0.0,0.0,7.0,0.5,0.0,0.0,3.5,0.25,0.0,0.0,0.0,0.0,0.0,3.5,56.0
0,0.0,0.0,0.0,0.0,0.0,0.0,0.0,0.0,0.0,0.0,4.0,4.0,3.0,3.0,2.0,0.5,1.5,0.0,7.0,0.5,16.0,12.0,12.0,8.0,2.0,6.0,0.0,28.0,2.0,12.0,12.0,8.0,2.0,6.0,0.0,28.0,2.0,9.0,6.0,1.5,4.5,0.0,21.0,1.5,6.0,1.5,4.5,0.0,21.0,1.5,1.0,3.0,0.0,14.0,1.0,0.75,0.0,3.5,0.25,0.0,10.5,0.75,0.0,0.0,3.5,93.0
0,0.0,0.0,0.0,0.0,0.0,0.0,0.0,0.0,0.0,0.0,4.0,5.0,3.0,5.0,0.0,5.0,0.0,2.5,7.0,1.5,20.0,12.0,20.0,0.0,20.0,0.0,10.0,28.0,6.0,15.0,25.0,0.0,25.0,0.0,12.5,35.0,7.5,15.0,0.0,15.0,0.0,7.5,21.0,4.5,0.0,25.0,0.0,12.5,35.0,7.5,0.0,0.0,0.0,0.0,0.0,0.0,12.5,35.0,7.5,0.0,0.0,0.0,17.5,3.75,10.5,84.0
0,0.0,0.0,0.0,0.0,0.0,0.0,0.0,0.0,0.0,0.0,3.0,4.0,3.0,4.0,0.0,2.5,0.0,0.0,8.0,0.5,12.0,9.0,12.0,0.0,7.5,0.0,0.0,24.0,1.5,12.0,16.0,0.0,10.0,0.0,0.0,32.0,2.0,12.0,0.0,7.5,0.0,0.0,24.0,1.5,0.0,10.0,0.0,0.0,32.0,2.0,0.0,0.0,0.0,0.0,0.0,0.0,0.0,20.0,1.25,0.0,0.0,0.0,0.0,0.0,4.0,84.0
0,0.0,0.0,0.0,0.0,0.0,0.0,0.0,0.0,0.0,0.0,4.0,4.0,1.0,3.0,3.5,0.5,2.5,0.0,7.0,1.5,16.0,4.0,12.0,14.0,2.0,10.0,0.0,28.0,6.0,4.0,12.0,14.0,2.0,10.0,0.0,28.0,6.0,3.0,3.5,0.5,2.5,0.0,7.0,1.5,10.5,1.5,7.5,0.0,21.0,4.5,1.75,8.75,0.0,24.5,5.25,1.25,0.0,3.5,0.75,0.0,17.5,3.75,0.0,0.0,10.5,100.0
0,0.0,0.0,0.0,0.0,0.0,0.0,0.0,0.0,0.0,0.0,0.0,0.0,0.0,0.0,0.0,0.0,0.0,0.0,0.0,0.0,15.0,6.0,6.0,0.0,7.5,0.0,0.0,21.0,4.5,10.0,10.0,0.0,12.5,0.0,0.0,35.0,7.5,4.0,0.0,5.0,0.0,0.0,14.0,3.0,0.0,5.0,0.0,0.0,14.0,3.0,0.0,0.0,0.0,0.0,0.0,0.0,0.0,17.5,3.75,0.0,0.0,0.0,0.0,0.0,10.5,45.0
0,0.0,0.0,0.0,0.0,0.0,0.0,0.0,0.0,0.0,0.0,0.0,0.0,0.0,0.0,0.0,0.0,0.0,0.0,0.0,0.0,15.0,15.0,9.0,12.0,1.5,10.5,0.0,21.0,7.5,25.0,15.0,20.0,2.5,17.5,0.0,35.0,12.5,15.0,20.0,2.5,17.5,0.0,35.0,12.5,12.0,1.5,10.5,0.0,21.0,7.5,2.0,14.0,0.0,28.0,10.0,1.75,0.0,3.5,1.25,0.0,24.5,8.75,0.0,0.0,17.5,84.0
0,0.0,0.0,0.0,0.0,0.0,0.0,0.0,0.0,0.0,0.0,5.0,5.0,2.0,4.0,3.0,1.5,0.5,0.0,7.0,0.5,25.0,10.0,20.0,15.0,7.5,2.5,0.0,35.0,2.5,10.0,20.0,15.0,7.5,2.5,0.0,35.0,2.5,8.0,6.0,3.0,1.0,0.0,14.0,1.0,12.0,6.0,2.0,0.0,28.0,2.0,4.5,1.5,0.0,21.0,1.5,0.75,0.0,10.5,0.75,0.0,3.5,0.25,0.0,0.0,3.5,76.0
0,0.0,0.0,0.0,0.0,0.0,0.0,0.0,0.0,0.0,0.0,4.0,5.0,1.0,1.0,4.0,0.5,2.5,1.5,4.0,1.5,20.0,4.0,4.0,16.0,2.0,10.0,6.0,16.0,6.0,5.0,5.0,20.0,2.5,12.5,7.5,20.0,7.5,1.0,4.0,0.5,2.5,1.5,4.0,1.5,4.0,0.5,2.5,1.5,4.0,1.5,2.0,10.0,6.0,16.0,6.0,1.25,0.75,2.0,0.75,3.75,10.0,3.75,6.0,2.25,6.0,90.0
0,0.0,0.0,0.0,0.0,0.0,0.0,0.0,0.0,0.0,0.0,2.0,5.0,2.0,1.0,0.0,0.0,0.0,0.0,5.5,0.5,10.0,4.0,2.0,0.0,0.0,0.0,0.0,11.0,1.0,10.0,5.0,0.0,0.0,0.0,0.0,27.5,2.5,2.0,0.0,0.0,0.0,0.0,11.0,1.0,0.0,0.0,0.0,0.0,5.5,0.5,0.0,0.0,0.0,0.0,0.0,0.0,0.0,0.0,0.0,0.0,0.0,0.0,0.0,0.0,2.75,27.0
0,0.0,0.0,0.0,0.0,0.0,0.0,0.0,0.0,0.0,0.0,0.0,0.0,0.0,0.0,0.0,0.0,0.0,0.0,0.0,0.0,8.0,4.0,6.0,6.0,1.0,1.0,1.0,11.0,1.0,8.0,12.0,12.0,2.0,2.0,2.0,22.0,2.0,6.0,6.0,1.0,1.0,1.0,11.0,1.0,9.0,1.5,1.5,1.5,16.5,1.5,1.5,1.5,1.5,16.5,1.5,0.25,0.25,2.75,0.25,0.25,2.75,0.25,2.75,0.25,2.75,80.0
0,0.0,0.0,0.0,0.0,0.0,0.0,0.0,0.0,0.0,0.0,0.0,0.0,0.0,0.0,0.0,0.0,0.0,0.0,0.0,0.0,25.0,5.0,5.0,20.0,2.5,7.5,0.0,35.0,7.5,5.0,5.0,20.0,2.5,7.5,0.0,35.0,7.5,1.0,4.0,0.5,1.5,0.0,7.0,1.5,4.0,0.5,1.5,0.0,7.0,1.5,2.0,6.0,0.0,28.0,6.0,0.75,0.0,3.5,0.75,0.0,10.5,2.25,0.0,0.0,10.5,88.0
0,0.0,0.0,0.0,0.0,0.0,0.0,0.0,0.0,0.0,0.0,0.0,0.0,0.0,0.0,0.0,0.0,0.0,0.0,0.0,0.0,3.0,2.0,1.0,0.0,0.5,0.0,0.0,7.0,0.5,6.0,3.0,0.0,1.5,0.0,0.0,21.0,1.5,2.0,0.0,1.0,0.0,0.0,14.0,1.0,0.0,0.5,0.0,0.0,7.0,0.5,0.0,0.0,0.0,0.0,0.0,0.0,0.0,3.5,0.25,0.0,0.0,0.0,0.0,0.0,3.5,76.0
0,0.0,0.0,0.0,0.0,0.0,0.0,0.0,0.0,0.0,0.0,4.0,3.0,4.0,3.0,3.0,3.5,3.5,0.5,8.0,1.5,12.0,16.0,12.0,12.0,14.0,14.0,2.0,32.0,6.0,12.0,9.0,9.0,10.5,10.5,1.5,24.0,4.5,12.0,12.0,14.0,14.0,2.0,32.0,6.0,9.0,10.5,10.5,1.5,24.0,4.5,10.5,10.5,1.5,24.0,4.5,12.25,1.75,28.0,5.25,1.75,28.0,5.25,4.0,0.75,12.0,83.0
0,0.0,0.0,0.0,0.0,0.0,0.0,0.0,0.0,0.0,0.0,0.0,0.0,0.0,0.0,0.0,0.0,0.0,0.0,0.0,0.0,9.0,12.0,12.0,0.0,0.0,0.0,0.0,12.0,4.5,12.0,12.0,0.0,0.0,0.0,0.0,12.0,4.5,16.0,0.0,0.0,0.0,0.0,16.0,6.0,0.0,0.0,0.0,0.0,16.0,6.0,0.0,0.0,0.0,0.0,0.0,0.0,0.0,0.0,0.0,0.0,0.0,0.0,0.0,0.0,6.0,78.0
0,0.0,0.0,0.0,0.0,0.0,0.0,0.0,0.0,0.0,0.0,4.0,5.0,1.0,4.0,0.0,2.5,0.0,4.5,8.0,0.5,20.0,4.0,16.0,0.0,10.0,0.0,18.0,32.0,2.0,5.0,20.0,0.0,12.5,0.0,22.5,40.0,2.5,4.0,0.0,2.5,0.0,4.5,8.0,0.5,0.0,10.0,0.0,18.0,32.0,2.0,0.0,0.0,0.0,0.0,0.0,0.0,11.25,20.0,1.25,0.0,0.0,0.0,36.0,2.25,4.0,85.0
0,0.0,0.0,0.0,0.0,0.0,0.0,0.0,0.0,0.0,0.0,0.0,0.0,0.0,0.0,0.0,0.0,0.0,0.0,0.0,0.0,15.0,12.0,12.0,12.0,13.5,13.5,10.5,12.0,7.5,20.0,20.0,20.0,22.5,22.5,17.5,20.0,12.5,16.0,16.0,18.0,18.0,14.0,16.0,10.0,16.0,18.0,18.0,14.0,16.0,10.0,18.0,18.0,14.0,16.0,10.0,20.25,15.75,18.0,11.25,15.75,18.0,11.25,14.0,8.75,10.0,75.0
0,0.0,0.0,0.0,0.0,0.0,0.0,0.0,0.0,0.0,0.0,0.0,0.0,0.0,0.0,0.0,0.0,0.0,0.0,0.0,0.0,20.0,12.0,16.0,12.0,6.0,6.0,0.0,16.0,2.0,15.0,20.0,15.0,7.5,7.5,0.0,20.0,2.5,12.0,9.0,4.5,4.5,0.0,12.0,1.5,12.0,6.0,6.0,0.0,16.0,2.0,4.5,4.5,0.0,12.0,1.5,2.25,0.0,6.0,0.75,0.0,6.0,0.75,0.0,0.0,2.0,81.0
0,0.0,0.0,0.0,0.0,0.0,0.0,0.0,0.0,0.0,0.0,4.0,4.0,3.0,4.0,4.0,3.5,3.5,0.5,5.5,0.5,16.0,12.0,16.0,16.0,14.0,14.0,2.0,22.0,2.0,12.0,16.0,16.0,14.0,14.0,2.0,22.0,2.0,12.0,12.0,10.5,10.5,1.5,16.5,1.5,16.0,14.0,14.0,2.0,22.0,2.0,14.0,14.0,2.0,22.0,2.0,12.25,1.75,19.25,1.75,1.75,19.25,1.75,2.75,0.25,2.75,94.0
0,0.0,0.0,0.0,0.0,0.0,0.0,0.0,0.0,0.0,0.0,4.0,4.0,3.0,4.0,3.0,0.5,0.5,0.0,4.0,1.5,16.0,12.0,16.0,12.0,2.0,2.0,0.0,16.0,6.0,12.0,16.0,12.0,2.0,2.0,0.0,16.0,6.0,12.0,9.0,1.5,1.5,0.0,12.0,4.5,12.0,2.0,2.0,0.0,16.0,6.0,1.5,1.5,0.0,12.0,4.5,0.25,0.0,2.0,0.75,0.0,2.0,0.75,0.0,0.0,6.0,88.0
0,0.0,0.0,0.0,0.0,0.0,0.0,0.0,0.0,0.0,0.0,0.0,0.0,0.0,0.0,0.0,0.0,0.0,0.0,0.0,0.0,3.0,4.0,1.0,0.0,0.0,0.0,0.5,4.0,1.5,12.0,3.0,0.0,0.0,0.0,1.5,12.0,4.5,4.0,0.0,0.0,0.0,2.0,16.0,6.0,0.0,0.0,0.0,0.5,4.0,1.5,0.0,0.0,0.0,0.0,0.0,0.0,0.0,0.0,0.0,0.0,0.0,0.0,2.0,0.75,6.0,63.0
0,0.0,0.0,0.0,0.0,0.0,0.0,0.0,0.0,0.0,0.0,0.0,0.0,0.0,0.0,0.0,0.0,0.0,0.0,0.0,0.0,8.0,6.0,6.0,4.0,3.0,0.0,0.0,11.0,1.0,12.0,12.0,8.0,6.0,0.0,0.0,22.0,2.0,9.0,6.0,4.5,0.0,0.0,16.5,1.5,6.0,4.5,0.0,0.0,16.5,1.5,3.0,0.0,0.0,11.0,1.0,0.0,0.0,8.25,0.75,0.0,0.0,0.0,0.0,0.0,2.75,91.0
0,0.0,0.0,0.0,0.0,0.0,0.0,0.0,0.0,0.0,0.0,4.0,5.0,2.0,3.0,3.5,0.5,3.5,0.5,8.0,0.5,20.0,8.0,12.0,14.0,2.0,14.0,2.0,32.0,2.0,10.0,15.0,17.5,2.5,17.5,2.5,40.0,2.5,6.0,7.0,1.0,7.0,1.0,16.0,1.0,10.5,1.5,10.5,1.5,24.0,1.5,1.75,12.25,1.75,28.0,1.75,1.75,0.25,4.0,0.25,1.75,28.0,1.75,4.0,0.25,4.0,75.0
0,0.0,0.0,0.0,0.0,0.0,0.0,0.0,0.0,0.0,0.0,0.0,0.0,0.0,0.0,0.0,0.0,0.0,0.0,0.0,0.0,9.0,6.0,6.0,0.0,4.5,0.0,4.5,21.0,1.5,6.0,6.0,0.0,4.5,0.0,4.5,21.0,1.5,4.0,0.0,3.0,0.0,3.0,14.0,1.0,0.0,3.0,0.0,3.0,14.0,1.0,0.0,0.0,0.0,0.0,0.0,0.0,2.25,10.5,0.75,0.0,0.0,0.0,10.5,0.75,3.5,83.0
0,0.0,0.0,0.0,0.0,0.0,0.0,0.0,0.0,0.0,0.0,4.0,5.0,3.0,1.0,0.0,0.0,0.0,0.0,5.5,0.5,20.0,12.0,4.0,0.0,0.0,0.0,0.0,22.0,2.0,15.0,5.0,0.0,0.0,0.0,0.0,27.5,2.5,3.0,0.0,0.0,0.0,0.0,16.5,1.5,0.0,0.0,0.0,0.0,5.5,0.5,0.0,0.0,0.0,0.0,0.0,0.0,0.0,0.0,0.0,0.0,0.0,0.0,0.0,0.0,2.75,91.0
0,0.0,0.0,0.0,0.0,0.0,0.0,0.0,0.0,0.0,0.0,0.0,0.0,0.0,0.0,0.0,0.0,0.0,0.0,0.0,0.0,10.0,8.0,6.0,6.0,5.0,5.0,0.0,11.0,1.0,20.0,15.0,15.0,12.5,12.5,0.0,27.5,2.5,12.0,12.0,10.0,10.0,0.0,22.0,2.0,9.0,7.5,7.5,0.0,16.5,1.5,7.5,7.5,0.0,16.5,1.5,6.25,0.0,13.75,1.25,0.0,13.75,1.25,0.0,0.0,2.75,83.0
0,0.0,0.0,0.0,0.0,0.0,0.0,0.0,0.0,0.0,0.0,0.0,0.0,0.0,0.0,0.0,0.0,0.0,0.0,0.0,0.0,16.0,16.0,12.0,20.0,6.0,20.0,6.0,22.0,2.0,16.0,12.0,20.0,6.0,20.0,6.0,22.0,2.0,12.0,20.0,6.0,20.0,6.0,22.0,2.0,15.0,4.5,15.0,4.5,16.5,1.5,7.5,25.0,7.5,27.5,2.5,7.5,2.25,8.25,0.75,7.5,27.5,2.5,8.25,0.75,2.75,88.0
0,0.0,0.0,0.0,0.0,0.0,0.0,0.0,0.0,0.0,0.0,1.0,5.0,4.0,1.0,0.0,0.0,0.0,2.5,7.0,0.5,5.0,4.0,1.0,0.0,0.0,0.0,2.5,7.0,0.5,20.0,5.0,0.0,0.0,0.0,12.5,35.0,2.5,4.0,0.0,0.0,0.0,10.0,28.0,2.0,0.0,0.0,0.0,2.5,7.0,0.5,0.0,0.0,0.0,0.0,0.0,0.0,0.0,0.0,0.0,0.0,0.0,0.0,17.5,1.25,3.5,20.0
0,0.0,0.0,0.0,0.0,0.0,0.0,0.0,0.0,0.0,0.0,0.0,0.0,0.0,0.0,0.0,0.0,0.0,0.0,0.0,0.0,2.0,3.0,3.0,4.0,0.5,4.5,0.0,5.5,0.5,6.0,6.0,8.0,1.0,9.0,0.0,11.0,1.0,9.0,12.0,1.5,13.5,0.0,16.5,1.5,12.0,1.5,13.5,0.0,16.5,1.5,2.0,18.0,0.0,22.0,2.0,2.25,0.0,2.75,0.25,0.0,24.75,2.25,0.0,0.0,2.75,85.0
0,0.0,0.0,0.0,0.0,0.0,0.0,0.0,0.0,0.0,0.0,0.0,0.0,0.0,0.0,0.0,0.0,0.0,0.0,0.0,0.0,20.0,12.0,12.0,0.0,6.0,0.0,0.0,28.0,2.0,15.0,15.0,0.0,7.5,0.0,0.0,35.0,2.5,9.0,0.0,4.5,0.0,0.0,21.0,1.5,0.0,4.5,0.0,0.0,21.0,1.5,0.0,0.0,0.0,0.0,0.0,0.0,0.0,10.5,0.75,0.0,0.0,0.0,0.0,0.0,3.5,63.0
0,0.0,0.0,0.0,0.0,0.0,0.0,0.0,0.0,0.0,0.0,0.0,0.0,0.0,0.0,0.0,0.0,0.0,0.0,0.0,0.0,9.0,12.0,9.0,6.0,1.5,1.5,1.5,21.0,1.5,12.0,9.0,6.0,1.5,1.5,1.5,21.0,1.5,12.0,8.0,2.0,2.0,2.0,28.0,2.0,6.0,1.5,1.5,1.5,21.0,1.5,1.0,1.0,1.0,14.0,1.0,0.25,0.25,3.5,0.25,0.25,3.5,0.25,3.5,0.25,3.5,76.0
0,0.0,0.0,0.0,0.0,0.0,0.0,0.0,0.0,0.0,0.0,0.0,0.0,0.0,0.0,0.0,0.0,0.0,0.0,0.0,0.0,5.0,4.0,2.0,3.0,3.5,3.5,1.5,5.5,0.5,20.0,10.0,15.0,17.5,17.5,7.5,27.5,2.5,8.0,12.0,14.0,14.0,6.0,22.0,2.0,6.0,7.0,7.0,3.0,11.0,1.0,10.5,10.5,4.5,16.5,1.5,12.25,5.25,19.25,1.75,5.25,19.25,1.75,8.25,0.75,2.75,57.0
0,0.0,0.0,0.0,0.0,0.0,0.0,0.0,0.0,0.0,0.0,0.0,0.0,0.0,0.0,0.0,0.0,0.0,0.0,0.0,0.0,20.0,10.0,10.0,10.0,12.5,2.5,2.5,35.0,7.5,8.0,8.0,8.0,10.0,2.0,2.0,28.0,6.0,4.0,4.0,5.0,1.0,1.0,14.0,3.0,4.0,5.0,1.0,1.0,14.0,3.0,5.0,1.0,1.0,14.0,3.0,1.25,1.25,17.5,3.75,0.25,3.5,0.75,3.5,0.75,10.5,97.0
0,0.0,0.0,0.0,0.0,0.0,0.0,0.0,0.0,0.0,0.0,0.0,0.0,0.0,0.0,0.0,0.0,0.0,0.0,0.0,0.0,2.0,4.0,1.0,2.5,0.0,2.5,0.0,5.5,2.5,8.0,2.0,5.0,0.0,5.0,0.0,11.0,5.0,4.0,10.0,0.0,10.0,0.0,22.0,10.0,2.5,0.0,2.5,0.0,5.5,2.5,0.0,6.25,0.0,13.75,6.25,0.0,0.0,0.0,0.0,0.0,13.75,6.25,0.0,0.0,13.75,29.0
0,0.0,0.0,0.0,0.0,0.0,0.0,0.0,0.0,0.0,0.0,5.0,5.0,2.0,5.0,0.0,0.5,0.0,0.0,7.0,0.5,25.0,10.0,25.0,0.0,2.5,0.0,0.0,35.0,2.5,10.0,25.0,0.0,2.5,0.0,0.0,35.0,2.5,10.0,0.0,1.0,0.0,0.0,14.0,1.0,0.0,2.5,0.0,0.0,35.0,2.5,0.0,0.0,0.0,0.0,0.0,0.0,0.0,3.5,0.25,0.0,0.0,0.0,0.0,0.0,3.5,94.0
0,0.0,0.0,0.0,0.0,0.0,0.0,0.0,0.0,0.0,0.0,0.0,0.0,0.0,0.0,0.0,0.0,0.0,0.0,0.0,0.0,12.0,9.0,9.0,3.0,1.5,0.0,0.0,21.0,1.5,12.0,12.0,4.0,2.0,0.0,0.0,28.0,2.0,9.0,3.0,1.5,0.0,0.0,21.0,1.5,3.0,1.5,0.0,0.0,21.0,1.5,0.5,0.0,0.0,7.0,0.5,0.0,0.0,3.5,0.25,0.0,0.0,0.0,0.0,0.0,3.5,37.0
0,0.0,0.0,0.0,0.0,0.0,0.0,0.0,0.0,0.0,0.0,0.0,0.0,0.0,0.0,0.0,0.0,0.0,0.0,0.0,0.0,20.0,12.0,20.0,0.0,6.0,0.0,0.0,28.0,2.0,15.0,25.0,0.0,7.5,0.0,0.0,35.0,2.5,15.0,0.0,4.5,0.0,0.0,21.0,1.5,0.0,7.5,0.0,0.0,35.0,2.5,0.0,0.0,0.0,0.0,0.0,0.0,0.0,10.5,0.75,0.0,0.0,0.0,0.0,0.0,3.5,61.0
0,0.0,0.0,0.0,0.0,0.0,0.0,0.0,0.0,0.0,0.0,4.0,5.0,4.0,4.0,3.5,1.5,3.5,1.5,7.0,0.5,20.0,16.0,16.0,14.0,6.0,14.0,6.0,28.0,2.0,20.0,20.0,17.5,7.5,17.5,7.5,35.0,2.5,16.0,14.0,6.0,14.0,6.0,28.0,2.0,14.0,6.0,14.0,6.0,28.0,2.0,5.25,12.25,5.25,24.5,1.75,5.25,2.25,10.5,0.75,5.25,24.5,1.75,10.5,0.75,3.5,91.0
0,0.0,0.0,0.0,0.0,0.0,0.0,0.0,0.0,0.0,0.0,4.0,5.0,3.0,4.0,0.0,1.5,0.5,0.5,4.0,1.5,20.0,12.0,16.0,0.0,6.0,2.0,2.0,16.0,6.0,15.0,20.0,0.0,7.5,2.5,2.5,20.0,7.5,12.0,0.0,4.5,1.5,1.5,12.0,4.5,0.0,6.0,2.0,2.0,16.0,6.0,0.0,0.0,0.0,0.0,0.0,0.75,0.75,6.0,2.25,0.25,2.0,0.75,2.0,0.75,6.0,87.0
0,0.0,0.0,0.0,0.0,0.0,0.0,0.0,0.0,0.0,0.0,0.0,0.0,0.0,0.0,0.0,0.0,0.0,0.0,0.0,0.0,20.0,12.0,12.0,0.0,6.0,0.0,6.0,28.0,6.0,15.0,15.0,0.0,7.5,0.0,7.5,35.0,7.5,9.0,0.0,4.5,0.0,4.5,21.0,4.5,0.0,4.5,0.0,4.5,21.0,4.5,0.0,0.0,0.0,0.0,0.0,0.0,2.25,10.5,2.25,0.0,0.0,0.0,10.5,2.25,10.5,91.0
0,0.0,0.0,0.0,0.0,0.0,0.0,0.0,0.0,0.0,0.0,4.0,5.0,2.0,3.0,3.5,0.5,0.5,0.0,7.0,0.5,20.0,8.0,12.0,14.0,2.0,2.0,0.0,28.0,2.0,10.0,15.0,17.5,2.5,2.5,0.0,35.0,2.5,6.0,7.0,1.0,1.0,0.0,14.0,1.0,10.5,1.5,1.5,0.0,21.0,1.5,1.75,1.75,0.0,24.5,1.75,0.25,0.0,3.5,0.25,0.0,3.5,0.25,0.0,0.0,3.5,82.0
0,0.0,0.0,0.0,0.0,0.0,0.0,0.0,0.0,0.0,0.0,1.0,4.0,4.0,1.0,0.0,0.0,0.0,1.5,8.0,1.5,4.0,4.0,1.0,0.0,0.0,0.0,1.5,8.0,1.5,16.0,4.0,0.0,0.0,0.0,6.0,32.0,6.0,4.0,0.0,0.0,0.0,6.0,32.0,6.0,0.0,0.0,0.0,1.5,8.0,1.5,0.0,0.0,0.0,0.0,0.0,0.0,0.0,0.0,0.0,0.0,0.0,0.0,12.0,2.25,12.0,19.0
0,0.0,0.0,0.0,0.0,0.0,0.0,0.0,0.0,0.0,0.0,3.0,3.0,3.0,3.0,0.0,1.5,0.0,3.5,7.0,0.5,9.0,9.0,9.0,0.0,4.5,0.0,10.5,21.0,1.5,9.0,9.0,0.0,4.5,0.0,10.5,21.0,1.5,9.0,0.0,4.5,0.0,10.5,21.0,1.5,0.0,4.5,0.0,10.5,21.0,1.5,0.0,0.0,0.0,0.0,0.0,0.0,5.25,10.5,0.75,0.0,0.0,0.0,24.5,1.75,3.5,56.0
0,0.0,0.0,0.0,0.0,0.0,0.0,0.0,0.0,0.0,0.0,0.0,0.0,0.0,0.0,0.0,0.0,0.0,0.0,0.0,0.0,15.0,15.0,20.0,0.0,2.5,0.0,25.0,27.5,7.5,9.0,12.0,0.0,1.5,0.0,15.0,16.5,4.5,12.0,0.0,1.5,0.0,15.0,16.5,4.5,0.0,2.0,0.0,20.0,22.0,6.0,0.0,0.0,0.0,0.0,0.0,0.0,2.5,2.75,0.75,0.0,0.0,0.0,27.5,7.5,8.25,85.0
0,0.0,0.0,0.0,0.0,0.0,0.0,0.0,0.0,0.0,0.0,0.0,0.0,0.0,0.0,0.0,0.0,0.0,0.0,0.0,0.0,6.0,12.0,6.0,0.0,1.5,0.0,10.5,16.5,7.5,8.0,4.0,0.0,1.0,0.0,7.0,11.0,5.0,8.0,0.0,2.0,0.0,14.0,22.0,10.0,0.0,1.0,0.0,7.0,11.0,5.0,0.0,0.0,0.0,0.0,0.0,0.0,1.75,2.75,1.25,0.0,0.0,0.0,19.25,8.75,13.75,90.0
0,0.0,0.0,0.0,0.0,0.0,0.0,0.0,0.0,0.0,0.0,4.0,5.0,3.0,3.0,3.0,1.5,1.5,1.5,7.0,1.5,20.0,12.0,12.0,12.0,6.0,6.0,6.0,28.0,6.0,15.0,15.0,15.0,7.5,7.5,7.5,35.0,7.5,9.0,9.0,4.5,4.5,4.5,21.0,4.5,9.0,4.5,4.5,4.5,21.0,4.5,4.5,4.5,4.5,21.0,4.5,2.25,2.25,10.5,2.25,2.25,10.5,2.25,10.5,2.25,10.5,93.0
0,0.0,0.0,0.0,0.0,0.0,0.0,0.0,0.0,0.0,0.0,0.0,0.0,0.0,0.0,0.0,0.0,0.0,0.0,0.0,0.0,9.0,6.0,12.0,9.0,1.5,1.5,0.0,21.0,1.5,6.0,12.0,9.0,1.5,1.5,0.0,21.0,1.5,8.0,6.0,1.0,1.0,0.0,14.0,1.0,12.0,2.0,2.0,0.0,28.0,2.0,1.5,1.5,0.0,21.0,1.5,0.25,0.0,3.5,0.25,0.0,3.5,0.25,0.0,0.0,3.5,100.0
0,0.0,0.0,0.0,0.0,0.0,0.0,0.0,0.0,0.0,0.0,0.0,0.0,0.0,0.0,0.0,0.0,0.0,0.0,0.0,0.0,12.0,15.0,15.0,0.0,1.5,1.5,0.0,16.5,1.5,20.0,20.0,0.0,2.0,2.0,0.0,22.0,2.0,25.0,0.0,2.5,2.5,0.0,27.5,2.5,0.0,2.5,2.5,0.0,27.5,2.5,0.0,0.0,0.0,0.0,0.0,0.25,0.0,2.75,0.25,0.0,2.75,0.25,0.0,0.0,2.75,86.0
0,0.0,0.0,0.0,0.0,0.0,0.0,0.0,0.0,0.0,0.0,4.0,5.0,4.0,4.0,0.0,3.5,2.5,1.5,5.5,2.5,20.0,16.0,16.0,0.0,14.0,10.0,6.0,22.0,10.0,20.0,20.0,0.0,17.5,12.5,7.5,27.5,12.5,16.0,0.0,14.0,10.0,6.0,22.0,10.0,0.0,14.0,10.0,6.0,22.0,10.0,0.0,0.0,0.0,0.0,0.0,8.75,5.25,19.25,8.75,3.75,13.75,6.25,8.25,3.75,13.75,91.0
0,0.0,0.0,0.0,0.0,0.0,0.0,0.0,0.0,0.0,0.0,4.0,5.0,2.0,3.0,2.0,0.5,1.5,0.0,7.0,0.5,20.0,8.0,12.0,8.0,2.0,6.0,0.0,28.0,2.0,10.0,15.0,10.0,2.5,7.5,0.0,35.0,2.5,6.0,4.0,1.0,3.0,0.0,14.0,1.0,6.0,1.5,4.5,0.0,21.0,1.5,1.0,3.0,0.0,14.0,1.0,0.75,0.0,3.5,0.25,0.0,10.5,0.75,0.0,0.0,3.5,94.0
0,0.0,0.0,0.0,0.0,0.0,0.0,0.0,0.0,0.0,0.0,5.0,5.0,3.0,4.0,0.0,3.5,0.0,0.5,5.5,0.5,25.0,15.0,20.0,0.0,17.5,0.0,2.5,27.5,2.5,15.0,20.0,0.0,17.5,0.0,2.5,27.5,2.5,12.0,0.0,10.5,0.0,1.5,16.5,1.5,0.0,14.0,0.0,2.0,22.0,2.0,0.0,0.0,0.0,0.0,0.0,0.0,1.75,19.25,1.75,0.0,0.0,0.0,2.75,0.25,2.75,91.0
0,0.0,0.0,0.0,0.0,0.0,0.0,0.0,0.0,0.0,0.0,0.0,0.0,0.0,0.0,0.0,0.0,0.0,0.0,0.0,0.0,9.0,3.0,9.0,0.0,7.5,7.5,15.0,16.5,1.5,3.0,9.0,0.0,7.5,7.5,15.0,16.5,1.5,3.0,0.0,2.5,2.5,5.0,5.5,0.5,0.0,7.5,7.5,15.0,16.5,1.5,0.0,0.0,0.0,0.0,0.0,6.25,12.5,13.75,1.25,12.5,13.75,1.25,27.5,2.5,2.75,79.0
0,0.0,0.0,0.0,0.0,0.0,0.0,0.0,0.0,0.0,0.0,4.0,4.0,2.0,3.0,2.0,1.5,0.5,0.0,7.0,1.5,16.0,8.0,12.0,8.0,6.0,2.0,0.0,28.0,6.0,8.0,12.0,8.0,6.0,2.0,0.0,28.0,6.0,6.0,4.0,3.0,1.0,0.0,14.0,3.0,6.0,4.5,1.5,0.0,21.0,4.5,3.0,1.0,0.0,14.0,3.0,0.75,0.0,10.5,2.25,0.0,3.5,0.75,0.0,0.0,10.5,91.0
0,0.0,0.0,0.0,0.0,0.0,0.0,0.0,0.0,0.0,0.0,2.0,4.0,3.0,4.0,3.5,0.0,0.5,0.0,5.5,0.5,8.0,6.0,8.0,7.0,0.0,1.0,0.0,11.0,1.0,12.0,16.0,14.0,0.0,2.0,0.0,22.0,2.0,12.0,10.5,0.0,1.5,0.0,16.5,1.5,14.0,0.0,2.0,0.0,22.0,2.0,0.0,1.75,0.0,19.25,1.75,0.0,0.0,0.0,0.0,0.0,2.75,0.25,0.0,0.0,2.75,76.0
0,0.0,0.0,0.0,0.0,0.0,0.0,0.0,0.0,0.0,0.0,5.0,4.0,3.0,2.0,3.0,1.5,1.5,0.0,5.5,0.5,20.0,15.0,10.0,15.0,7.5,7.5,0.0,27.5,2.5,12.0,8.0,12.0,6.0,6.0,0.0,22.0,2.0,6.0,9.0,4.5,4.5,0.0,16.5,1.5,6.0,3.0,3.0,0.0,11.0,1.0,4.5,4.5,0.0,16.5,1.5,2.25,0.0,8.25,0.75,0.0,8.25,0.75,0.0,0.0,2.75,89.0
0,0.0,0.0,0.0,0.0,0.0,0.0,0.0,0.0,0.0,0.0,3.0,4.0,4.0,4.0,0.0,0.5,0.0,5.0,7.0,1.5,12.0,12.0,12.0,0.0,1.5,0.0,15.0,21.0,4.5,16.0,16.0,0.0,2.0,0.0,20.0,28.0,6.0,16.0,0.0,2.0,0.0,20.0,28.0,6.0,0.0,2.0,0.0,20.0,28.0,6.0,0.0,0.0,0.0,0.0,0.0,0.0,2.5,3.5,0.75,0.0,0.0,0.0,35.0,7.5,10.5,72.0
